{"v":"5.5.7","fr":25,"ip":0,"op":28,"w":1500,"h":1500,"nm":"23_Face With Raised Eyebrow","ddd":0,"assets":[],"layers":[{"ddd":0,"ind":1,"ty":3,"nm":"SIZE","sr":1,"ks":{"o":{"a":0,"k":0,"ix":11},"r":{"a":0,"k":0,"ix":10},"p":{"a":0,"k":[749.695,748.848,0],"ix":2},"a":{"a":0,"k":[60,60,0],"ix":1},"s":{"a":0,"k":[650,650,100],"ix":6}},"ao":0,"ip":0,"op":28,"st":0,"bm":0},{"ddd":0,"ind":3,"ty":3,"nm":"Body CONTROL","parent":1,"sr":1,"ks":{"o":{"a":0,"k":0,"ix":11},"r":{"a":0,"k":0,"ix":10},"p":{"a":0,"k":[60.5,58.252,0],"ix":2},"a":{"a":0,"k":[60,60,0],"ix":1},"s":{"a":0,"k":[100,100,100],"ix":6}},"ao":0,"ip":0,"op":28,"st":0,"bm":0},{"ddd":0,"ind":4,"ty":3,"nm":"Face CONTROL","parent":8,"sr":1,"ks":{"o":{"a":0,"k":0,"ix":11},"r":{"a":1,"k":[{"i":{"x":[0.285],"y":[1]},"o":{"x":[0.461],"y":[0]},"t":0,"s":[-2.7]},{"i":{"x":[0.48],"y":[1]},"o":{"x":[0.724],"y":[0]},"t":11,"s":[2.7]},{"t":25,"s":[-2.7]}],"ix":10},"p":{"a":1,"k":[{"i":{"x":0.36,"y":1},"o":{"x":0.473,"y":0},"t":0,"s":[-4,0,0],"to":[0,0,0],"ti":[0,0,0]},{"i":{"x":0.486,"y":1},"o":{"x":0.64,"y":0},"t":13,"s":[4,0,0],"to":[0,0,0],"ti":[0,0,0]},{"t":25,"s":[-4,0,0]}],"ix":2},"a":{"a":0,"k":[60,60,0],"ix":1},"s":{"a":0,"k":[100,100,100],"ix":6}},"ao":0,"ip":0,"op":28,"st":0,"bm":0},{"ddd":0,"ind":5,"ty":4,"nm":"Light","parent":3,"sr":1,"ks":{"o":{"a":0,"k":70,"ix":11},"r":{"a":0,"k":0,"ix":10},"p":{"a":0,"k":[59.695,60,0],"ix":2},"a":{"a":0,"k":[0,0,0],"ix":1},"s":{"a":0,"k":[100,100,100],"ix":6}},"ao":0,"shapes":[{"ty":"gr","it":[{"d":1,"ty":"el","s":{"a":0,"k":[127.932,127.932],"ix":2},"p":{"a":0,"k":[0,0],"ix":3},"nm":"Ellipse Path 1","mn":"ADBE Vector Shape - Ellipse","hd":false},{"ty":"gf","o":{"a":0,"k":100,"ix":10},"r":1,"bm":0,"g":{"p":3,"k":{"a":0,"k":[0,1,1,1,0.5,1,1,1,1,1,1,1,0,1,0.361,0.5,1,0],"ix":9}},"s":{"a":0,"k":[0.744,-64.67],"ix":5},"e":{"a":0,"k":[0.658,-9.553],"ix":6},"t":1,"nm":"Gradient Fill 1","mn":"ADBE Vector Graphic - G-Fill","hd":false},{"ty":"tr","p":{"a":0,"k":[0,-0.5],"ix":2},"a":{"a":0,"k":[0,0],"ix":1},"s":{"a":0,"k":[100,100],"ix":3},"r":{"a":0,"k":0,"ix":6},"o":{"a":0,"k":100,"ix":7},"sk":{"a":0,"k":0,"ix":4},"sa":{"a":0,"k":0,"ix":5},"nm":"Transform"}],"nm":"Ellipse 2","np":3,"cix":2,"bm":0,"ix":1,"mn":"ADBE Vector Group","hd":false}],"ip":0,"op":28,"st":0,"bm":16},{"ddd":0,"ind":6,"ty":4,"nm":"Face","parent":3,"sr":1,"ks":{"o":{"a":0,"k":100,"ix":11},"r":{"a":0,"k":0,"ix":10},"p":{"a":0,"k":[59.695,60,0],"ix":2},"a":{"a":0,"k":[0,0,0],"ix":1},"s":{"a":0,"k":[100,100,100],"ix":6}},"ao":0,"shapes":[{"ty":"gr","it":[{"ty":"gr","it":[{"ty":"gr","it":[{"ty":"gr","it":[{"ind":0,"ty":"sh","ix":1,"ks":{"a":1,"k":[{"i":{"x":0.659,"y":1},"o":{"x":0.64,"y":0},"t":0,"s":[{"i":[[1.707,-0.853],[-3.75,1],[-2.377,1.157],[-1.816,-0.101],[-2,-1.75],[1.1,2.791],[4.375,0],[1.875,-1.125]],"o":[[-1.75,0.875],[0.607,-0.162],[3.933,-1.914],[4.5,0.25],[2,1.75],[-1.625,-4.125],[-3.377,0],[-1.875,1.125]],"v":[[10.485,-43.6],[13.36,-39.6],[18.315,-41.904],[29.11,-46.1],[37.735,-41.85],[40.735,-43.1],[28.985,-50.475],[17.36,-46.6]],"c":true}]},{"i":{"x":0.36,"y":1},"o":{"x":0.334,"y":0},"t":5,"s":[{"i":[[1.881,-0.322],[-3.819,0.691],[-2.916,0.851],[-1.765,-0.098],[-1.844,-1.914],[0.858,2.875],[4.375,0],[2.16,-0.465]],"o":[[-3.34,0.571],[1.264,-0.229],[4.478,-1.307],[4.5,0.25],[1.844,1.914],[-1.268,-4.248],[-3.377,0],[-2.732,0.588]],"v":[[11.325,-45.333],[12.547,-41.056],[18.397,-41.857],[30.735,-45.725],[38.022,-41.907],[41.118,-42.897],[31.11,-50.35],[17.735,-46.35]],"c":true}]},{"i":{"x":0.667,"y":1},"o":{"x":0.64,"y":0},"t":14,"s":[{"i":[[1.881,-0.322],[-3.819,0.691],[-2.916,0.851],[-1.765,-0.098],[-1.844,-1.914],[0.858,2.875],[4.375,0],[2.16,-0.465]],"o":[[-3.34,0.571],[1.264,-0.229],[4.478,-1.307],[4.5,0.25],[1.844,1.914],[-1.268,-4.248],[-3.377,0],[-2.732,0.588]],"v":[[11.325,-45.333],[12.547,-41.056],[18.397,-41.857],[30.735,-45.725],[38.022,-41.907],[41.118,-42.897],[31.11,-50.35],[17.735,-46.35]],"c":true}]},{"i":{"x":0.36,"y":1},"o":{"x":0.333,"y":0},"t":19,"s":[{"i":[[1.707,-0.853],[-3.75,1],[-2.377,1.157],[-1.816,-0.101],[-2,-1.75],[1.1,2.791],[4.375,0],[1.875,-1.125]],"o":[[-1.75,0.875],[0.607,-0.162],[3.933,-1.914],[4.5,0.25],[2,1.75],[-1.625,-4.125],[-3.377,0],[-1.875,1.125]],"v":[[10.485,-43.6],[13.36,-39.6],[18.315,-41.904],[29.11,-46.1],[37.735,-41.85],[40.735,-43.1],[28.985,-50.475],[17.36,-46.6]],"c":true}]},{"t":23,"s":[{"i":[[1.707,-0.853],[-3.75,1],[-2.377,1.157],[-1.816,-0.101],[-2,-1.75],[1.1,2.791],[4.375,0],[1.875,-1.125]],"o":[[-1.75,0.875],[0.607,-0.162],[3.933,-1.914],[4.5,0.25],[2,1.75],[-1.625,-4.125],[-3.377,0],[-1.875,1.125]],"v":[[10.485,-43.6],[13.36,-39.6],[18.315,-41.904],[29.11,-46.1],[37.735,-41.85],[40.735,-43.1],[28.985,-50.475],[17.36,-46.6]],"c":true}]}],"ix":2},"nm":"Path 1","mn":"ADBE Vector Shape - Group","hd":false},{"ty":"tr","p":{"a":1,"k":[{"i":{"x":0.659,"y":1},"o":{"x":0.64,"y":0},"t":0,"s":[24.237,-63.436],"to":[0,0],"ti":[0,0]},{"i":{"x":0.36,"y":1},"o":{"x":0.334,"y":0},"t":5,"s":[24.237,-41.536],"to":[0,0],"ti":[0,0]},{"i":{"x":0.36,"y":0.36},"o":{"x":0.167,"y":0.167},"t":9,"s":[24.237,-44.336],"to":[0,0],"ti":[0,0]},{"i":{"x":0.667,"y":1},"o":{"x":0.64,"y":0},"t":14,"s":[24.237,-44.336],"to":[0,0],"ti":[0,0]},{"i":{"x":0.36,"y":0.36},"o":{"x":0.333,"y":0.333},"t":19,"s":[24.237,-63.436],"to":[0,0],"ti":[0,0]},{"t":23,"s":[24.237,-63.436]}],"ix":2},"a":{"a":0,"k":[25.237,-45.436],"ix":1},"s":{"a":0,"k":[100,100],"ix":3},"r":{"a":0,"k":0,"ix":6},"o":{"a":0,"k":100,"ix":7},"sk":{"a":0,"k":0,"ix":4},"sa":{"a":0,"k":0,"ix":5},"nm":"Transform"}],"nm":"Shape 2","np":3,"cix":2,"bm":0,"ix":1,"mn":"ADBE Vector Group","hd":false},{"ty":"gr","it":[{"ind":0,"ty":"sh","ix":1,"ks":{"a":1,"k":[{"i":{"x":0.659,"y":1},"o":{"x":0.64,"y":0},"t":0,"s":[{"i":[[5.625,0],[1.125,-1.125],[-1.858,0.782],[-2.858,0.309],[-4.375,0],[3.25,0]],"o":[[-4.375,0],[-1.125,1.125],[2.375,-1],[4.625,-0.5],[4.375,0],[-8,0]],"v":[[-30.89,-31.725],[-41.39,-26.35],[-39.265,-23.975],[-31.39,-27.225],[-11.515,-22.475],[-10.265,-27.1]],"c":true}]},{"i":{"x":0.36,"y":1},"o":{"x":0.334,"y":0},"t":5,"s":[{"i":[[5.625,0],[1.125,-1.125],[-1.858,0.782],[-2.858,0.309],[-4.114,-1.489],[3.056,1.106]],"o":[[-4.375,0],[-1.125,1.125],[2.375,-1],[4.625,-0.5],[4.114,1.489],[-7.522,-2.723]],"v":[[-27.515,-49.6],[-41.39,-44.225],[-40.265,-42.225],[-28.015,-45.1],[-12.369,-40.105],[-9.62,-44.028]],"c":true}]},{"i":{"x":0.667,"y":1},"o":{"x":0.64,"y":0},"t":14,"s":[{"i":[[5.625,0],[1.125,-1.125],[-1.858,0.782],[-2.858,0.309],[-4.114,-1.489],[3.056,1.106]],"o":[[-4.375,0],[-1.125,1.125],[2.375,-1],[4.625,-0.5],[4.114,1.489],[-7.522,-2.723]],"v":[[-27.515,-49.6],[-41.39,-44.225],[-40.265,-42.225],[-28.015,-45.1],[-12.369,-40.105],[-9.62,-44.028]],"c":true}]},{"i":{"x":0.36,"y":1},"o":{"x":0.333,"y":0},"t":19,"s":[{"i":[[5.625,0],[1.125,-1.125],[-1.858,0.782],[-2.858,0.309],[-4.375,0],[3.25,0]],"o":[[-4.375,0],[-1.125,1.125],[2.375,-1],[4.625,-0.5],[4.375,0],[-8,0]],"v":[[-30.89,-31.725],[-41.39,-26.35],[-39.265,-23.975],[-31.39,-27.225],[-11.515,-22.475],[-10.265,-27.1]],"c":true}]},{"t":23,"s":[{"i":[[5.625,0],[1.125,-1.125],[-1.858,0.782],[-2.858,0.309],[-4.375,0],[3.25,0]],"o":[[-4.375,0],[-1.125,1.125],[2.375,-1],[4.625,-0.5],[4.375,0],[-8,0]],"v":[[-30.89,-31.725],[-41.39,-26.35],[-39.265,-23.975],[-31.39,-27.225],[-11.515,-22.475],[-10.265,-27.1]],"c":true}]}],"ix":2},"nm":"Path 1","mn":"ADBE Vector Shape - Group","hd":false},{"ty":"tr","p":{"a":1,"k":[{"i":{"x":0.36,"y":0.36},"o":{"x":0.167,"y":0.167},"t":0,"s":[-26.208,-45.772],"to":[0,0],"ti":[0,0]},{"i":{"x":0.667,"y":1},"o":{"x":0.64,"y":0},"t":14,"s":[-26.208,-45.772],"to":[0,0.467],"ti":[0,0]},{"i":{"x":0.36,"y":1},"o":{"x":0.333,"y":0},"t":19,"s":[-26.208,-42.972],"to":[0,0],"ti":[0,0.467]},{"t":23,"s":[-26.208,-45.772]}],"ix":2},"a":{"a":0,"k":[-25.208,-27.772],"ix":1},"s":{"a":0,"k":[100,100],"ix":3},"r":{"a":0,"k":0,"ix":6},"o":{"a":0,"k":100,"ix":7},"sk":{"a":0,"k":0,"ix":4},"sa":{"a":0,"k":0,"ix":5},"nm":"Transform"}],"nm":"Shape 1","np":3,"cix":2,"bm":0,"ix":2,"mn":"ADBE Vector Group","hd":false},{"ty":"gr","it":[{"ind":0,"ty":"sh","ix":1,"ks":{"a":0,"k":{"i":[[4.054,0],[0,-6.354],[-0.202,-1.051],[-3.318,0],[-0.954,4.618],[0,1.238]],"o":[[-4.054,0],[0,1.154],[0.909,4.736],[3.264,0],[0.231,-1.117],[0,-6.354]],"v":[[21.972,-22.825],[14.631,-11.321],[14.941,-8.002],[21.972,0.184],[28.958,-7.773],[29.313,-11.321]],"c":true},"ix":2},"nm":"Path 6","mn":"ADBE Vector Shape - Group","hd":false},{"ty":"tr","p":{"a":1,"k":[{"i":{"x":0.659,"y":1},"o":{"x":0.64,"y":0},"t":0,"s":[23.009,-31.648],"to":[0,0],"ti":[0,0]},{"i":{"x":0.36,"y":1},"o":{"x":0.334,"y":0},"t":5,"s":[23,-27.304],"to":[0,0],"ti":[0,0]},{"i":{"x":0.36,"y":0.36},"o":{"x":0.167,"y":0.167},"t":9,"s":[23,-28.604],"to":[0,0],"ti":[0,0]},{"i":{"x":0.667,"y":1},"o":{"x":0.64,"y":0},"t":14,"s":[23,-28.604],"to":[0,0],"ti":[0,0]},{"i":{"x":0.36,"y":0.36},"o":{"x":0.333,"y":0.333},"t":19,"s":[23.009,-31.648],"to":[0,0],"ti":[0,0]},{"t":23,"s":[23.009,-31.648]}],"ix":2},"a":{"a":0,"k":[21.972,-11.321],"ix":1},"s":{"a":1,"k":[{"i":{"x":[0.659,0.659],"y":[1,1]},"o":{"x":[0.64,0.64],"y":[0,0]},"t":0,"s":[111.804,112.31]},{"i":{"x":[0.36,0.36],"y":[1,1]},"o":{"x":[0.334,0.64],"y":[0,0]},"t":5,"s":[129.912,63.5]},{"i":{"x":[0.36,0.36],"y":[1,1]},"o":{"x":[0.167,0.167],"y":[0,0]},"t":9,"s":[116.612,77.3]},{"i":{"x":[0.667,0.667],"y":[1,1]},"o":{"x":[0.64,0.64],"y":[0,0]},"t":14,"s":[116.612,77.3]},{"i":{"x":[0.36,0.36],"y":[1,1]},"o":{"x":[0.333,0.333],"y":[0,0]},"t":19,"s":[111.804,112.31]},{"t":23,"s":[111.804,112.31]}],"ix":3},"r":{"a":0,"k":0,"ix":6},"o":{"a":0,"k":100,"ix":7},"sk":{"a":0,"k":0,"ix":4},"sa":{"a":0,"k":0,"ix":5},"nm":"Transform"}],"nm":"Group 1","np":1,"cix":2,"bm":0,"ix":3,"mn":"ADBE Vector Group","hd":false},{"ty":"gr","it":[{"ind":0,"ty":"sh","ix":1,"ks":{"a":0,"k":{"i":[[4.159,0],[0,-6.08],[-0.238,-1.072],[-3.346,0],[-0.936,4.523],[0,1.111]],"o":[[-4.159,0],[0,1.188],[0.981,4.414],[3.399,0],[0.209,-1.011],[0,-6.08]],"v":[[-23.768,-21.577],[-31.298,-10.568],[-30.931,-7.164],[-23.768,0.441],[-16.56,-7.374],[-16.238,-10.568]],"c":true},"ix":2},"nm":"Path 5","mn":"ADBE Vector Shape - Group","hd":false},{"ty":"tr","p":{"a":1,"k":[{"i":{"x":0.659,"y":1},"o":{"x":0.64,"y":0},"t":0,"s":[-24.941,-28.604],"to":[0,-0.507],"ti":[0,0.507]},{"i":{"x":0.36,"y":0.36},"o":{"x":0.167,"y":0.167},"t":5,"s":[-24.941,-31.648],"to":[0,0],"ti":[0,0]},{"i":{"x":0.667,"y":1},"o":{"x":0.64,"y":0},"t":14,"s":[-24.941,-31.648],"to":[0,0.774],"ti":[0,-0.507]},{"i":{"x":0.36,"y":1},"o":{"x":0.333,"y":0},"t":19,"s":[-24.941,-27.004],"to":[0,0.507],"ti":[0,0.267]},{"t":23,"s":[-24.941,-28.604]}],"ix":2},"a":{"a":0,"k":[-23.768,-10.568],"ix":1},"s":{"a":1,"k":[{"i":{"x":[0.659,0.659],"y":[1,1]},"o":{"x":[0.64,0.64],"y":[0,0]},"t":0,"s":[116.612,77.3]},{"i":{"x":[0.36,0.36],"y":[1,1]},"o":{"x":[0.167,0.167],"y":[0,0]},"t":5,"s":[111.804,112.31]},{"i":{"x":[0.667,0.667],"y":[1,1]},"o":{"x":[0.64,0.64],"y":[0,0]},"t":14,"s":[111.804,112.31]},{"i":{"x":[0.36,0.36],"y":[1,1]},"o":{"x":[0.333,0.333],"y":[0,0]},"t":19,"s":[129.912,63.5]},{"t":23,"s":[116.612,77.3]}],"ix":3},"r":{"a":0,"k":0,"ix":6},"o":{"a":0,"k":100,"ix":7},"sk":{"a":0,"k":0,"ix":4},"sa":{"a":0,"k":0,"ix":5},"nm":"Transform"}],"nm":"Group 2","np":1,"cix":2,"bm":0,"ix":4,"mn":"ADBE Vector Group","hd":false},{"ty":"tr","p":{"a":0,"k":[0.352,-11.683],"ix":2},"a":{"a":0,"k":[-0.63,-30.245],"ix":1},"s":{"a":0,"k":[100,100],"ix":3},"r":{"a":0,"k":0,"ix":6},"o":{"a":0,"k":100,"ix":7},"sk":{"a":0,"k":0,"ix":4},"sa":{"a":0,"k":0,"ix":5},"nm":"Transform"}],"nm":"Group 2","np":4,"cix":2,"bm":0,"ix":1,"mn":"ADBE Vector Group","hd":false},{"ty":"gr","it":[{"ind":0,"ty":"sh","ix":1,"ks":{"a":0,"k":{"i":[[20.848,0.183],[3.574,-0.084],[-5.555,0.126],[-10.2,-0.084],[-7.418,-0.016],[4.24,-0.048]],"o":[[-18.572,-0.163],[-5.426,0.128],[7.574,-0.172],[11.381,0.094],[4.295,0.009],[-4.51,0.051]],"v":[[-0.987,23.255],[-29.339,23.097],[-29.46,30.474],[-0.901,30.594],[30.146,30.707],[30.12,23.139]],"c":true},"ix":2},"nm":"Path 2","mn":"ADBE Vector Shape - Group","hd":false},{"ty":"tr","p":{"a":0,"k":[-0.549,32.107],"ix":2},"a":{"a":0,"k":[-0.549,39.145],"ix":1},"s":{"a":0,"k":[100,100],"ix":3},"r":{"a":0,"k":0,"ix":6},"o":{"a":0,"k":100,"ix":7},"sk":{"a":0,"k":0,"ix":4},"sa":{"a":0,"k":0,"ix":5},"nm":"Transform"}],"nm":"Group 1","np":1,"cix":2,"bm":0,"ix":2,"mn":"ADBE Vector Group","hd":false},{"ty":"tr","p":{"a":0,"k":[-0.549,16.288],"ix":2,"x":"var $bm_rt;\n$bm_rt = $bm_sum(value, $bm_div(thisComp.layer('Face CONTROL').transform.position, 3.33));"},"a":{"a":0,"k":[-0.549,16.288],"ix":1},"s":{"a":0,"k":[100,100],"ix":3,"x":"var $bm_rt;\n$bm_rt = $bm_sub($bm_sum(value, thisComp.layer('Face CONTROL').transform.scale), [\n    100,\n    100\n]);"},"r":{"a":0,"k":0,"ix":6,"x":"var $bm_rt;\n$bm_rt = $bm_sum(value, thisComp.layer('Face CONTROL').transform.rotation);"},"o":{"a":0,"k":100,"ix":7},"sk":{"a":0,"k":0,"ix":4},"sa":{"a":0,"k":0,"ix":5},"nm":"Transform"}],"nm":"Group 1","np":2,"cix":2,"bm":0,"ix":1,"mn":"ADBE Vector Group","hd":false},{"ind":1,"ty":"sh","ix":2,"ks":{"a":0,"k":{"i":[[-39.994,0],[0,-39.994],[39.994,0],[0,39.994]],"o":[[39.994,0],[0,39.994],[-39.994,0],[0,-39.994]],"v":[[0,-72.416],[72.416,0],[0,72.416],[-72.416,0]],"c":true},"ix":2},"nm":"Path 1","mn":"ADBE Vector Shape - Group","hd":false},{"ty":"gf","o":{"a":0,"k":100,"ix":10},"r":1,"bm":0,"g":{"p":3,"k":{"a":0,"k":[0.662,1,0.843,0.212,0.857,0.904,0.641,0.114,0.982,0.808,0.439,0.016],"ix":9}},"s":{"a":0,"k":[0.744,-13.84],"ix":5},"e":{"a":0,"k":[0.658,65.297],"ix":6},"t":2,"h":{"a":0,"k":0,"ix":7},"a":{"a":0,"k":0,"ix":8},"nm":"000","mn":"ADBE Vector Graphic - G-Fill","hd":false},{"ty":"tr","p":{"a":0,"k":[0.666,-1.301],"ix":2},"a":{"a":0,"k":[0.666,-0.801],"ix":1},"s":{"a":0,"k":[100,100],"ix":3},"r":{"a":0,"k":0,"ix":6},"o":{"a":0,"k":100,"ix":7},"sk":{"a":0,"k":0,"ix":4},"sa":{"a":0,"k":0,"ix":5},"nm":"Transform"}],"nm":"Ellipse 1","np":4,"cix":2,"bm":0,"ix":1,"mn":"ADBE Vector Group","hd":false}],"ip":0,"op":28,"st":0,"bm":0},{"ddd":0,"ind":7,"ty":4,"nm":"Dark_Base","parent":3,"sr":1,"ks":{"o":{"a":0,"k":100,"ix":11},"r":{"a":0,"k":0,"ix":10},"p":{"a":0,"k":[59.695,60,0],"ix":2},"a":{"a":0,"k":[0,0,0],"ix":1},"s":{"a":0,"k":[100,100,100],"ix":6}},"ao":0,"shapes":[{"ty":"gr","it":[{"ind":0,"ty":"sh","ix":1,"ks":{"a":0,"k":{"i":[[-39.994,0],[0,-39.994],[39.994,0],[0,39.994]],"o":[[39.994,0],[0,39.994],[-39.994,0],[0,-39.994]],"v":[[0,-72.416],[72.416,0],[0,72.416],[-72.416,0]],"c":true},"ix":2},"nm":"Path 1","mn":"ADBE Vector Shape - Group","hd":false},{"ty":"fl","c":{"a":0,"k":[0.341176470588,0.160784313725,0.027450980392,1],"ix":4},"o":{"a":0,"k":100,"ix":5},"r":1,"bm":0,"nm":"Fill 1","mn":"ADBE Vector Graphic - Fill","hd":false},{"ty":"tr","p":{"a":0,"k":[0,-0.5],"ix":2},"a":{"a":0,"k":[0,0],"ix":1},"s":{"a":0,"k":[100,100],"ix":3},"r":{"a":0,"k":0,"ix":6},"o":{"a":0,"k":100,"ix":7},"sk":{"a":0,"k":0,"ix":4},"sa":{"a":0,"k":0,"ix":5},"nm":"Transform"}],"nm":"Ellipse 1","np":3,"cix":2,"bm":0,"ix":1,"mn":"ADBE Vector Group","hd":false}],"ip":0,"op":28,"st":0,"bm":0},{"ddd":0,"ind":8,"ty":3,"nm":"Zero_Face CONTROL","parent":3,"sr":1,"ks":{"o":{"a":0,"k":0,"ix":11},"r":{"a":0,"k":0,"ix":10},"p":{"a":0,"k":[59.216,75.9,0],"ix":2},"a":{"a":0,"k":[0,0,0],"ix":1},"s":{"a":0,"k":[30,30,100],"ix":6}},"ao":0,"ip":0,"op":28,"st":0,"bm":0}],"markers":[{"tm":27,"cm":"1","dr":0}]}